relpath	url	size	algo	checksum	provider_version	resolved_at
SRIRs_H1539b.zip	https://zenodo.org/api/records/19809790/files/SRIRs_H1539b.zip/content	71147629	md5	1ec053573151572211b8065fb13179a7	zenodo:19809790	2026-09-30T15:25:33Z
Floor_plans.zip	https://zenodo.org/api/records/19809790/files/Floor_plans.zip/content	24499791	md5	df25f4caf112cf1a4726c83166bf3072	zenodo:19809790	2026-09-30T15:25:33Z
BRIRs_H1539b.zip	https://zenodo.org/api/records/19809790/files/BRIRs_H1539b.zip/content	1457212165	md5	e939e1b6810cb29db5ac07c1f278ac22	zenodo:19809790	2026-09-30T15:25:33Z
BRIRs_HL.zip	https://zenodo.org/api/records/19809790/files/BRIRs_HL.zip/content	1395762258	md5	dd9c469495f0d5a4c9e30e166127bb33	zenodo:19809790	2026-09-30T15:25:33Z
BRIRs_ML2-102.zip	https://zenodo.org/api/records/19809790/files/BRIRs_ML2-102.zip/content	1456479874	md5	e6a9504a28486b67c941ed1a95a2b96f	zenodo:19809790	2026-09-30T15:25:33Z
BRIRs_HU103.zip	https://zenodo.org/api/records/19809790/files/BRIRs_HU103.zip/content	1417117549	md5	4766bd0fbb038eabf5aec58af0a36a23	zenodo:19809790	2026-09-30T15:25:33Z
SRIRs_LR001.zip	https://zenodo.org/api/records/19809790/files/SRIRs_LR001.zip/content	23681964	md5	013fa7875d449de319c0d8d9931bd1ba	zenodo:19809790	2026-09-30T15:25:33Z
SRIRs_ML2-102.zip	https://zenodo.org/api/records/19809790/files/SRIRs_ML2-102.zip/content	71173733	md5	16eb3770dc5a1d42ee4677c5bc82d153	zenodo:19809790	2026-09-30T15:25:33Z
BRIRs_LR001.zip	https://zenodo.org/api/records/19809790/files/BRIRs_LR001.zip/content	477911587	md5	6ea23bd58dc90a2416bd2b808cc31722	zenodo:19809790	2026-09-30T15:25:33Z
SRIRs_H1562.zip	https://zenodo.org/api/records/19809790/files/SRIRs_H1562.zip/content	69694250	md5	d3a80a1020b0fd7b65024fdeb36fb1e8	zenodo:19809790	2026-09-30T15:25:33Z
SRIRs_H2505.zip	https://zenodo.org/api/records/19809790/files/SRIRs_H2505.zip/content	70438192	md5	ffb69b82a3ea60209bc44f428447670b	zenodo:19809790	2026-09-30T15:25:33Z
BRIRs_H1562.zip	https://zenodo.org/api/records/19809790/files/BRIRs_H1562.zip/content	2041577505	md5	eadabf2a1e5ac3a45bc3e429bb94aa4c	zenodo:19809790	2026-09-30T15:25:33Z
SRIRs_HL.zip	https://zenodo.org/api/records/19809790/files/SRIRs_HL.zip/content	70771485	md5	c4cca6017f74c7f8e61e82b39ba777f7	zenodo:19809790	2026-09-30T15:25:33Z
SRIRs_HU103.zip	https://zenodo.org/api/records/19809790/files/SRIRs_HU103.zip/content	70831719	md5	e7a7e40998c2c4577f7b42c7a4efe573	zenodo:19809790	2026-09-30T15:25:33Z
BRIRs_H2505.zip	https://zenodo.org/api/records/19809790/files/BRIRs_H2505.zip/content	1452627303	md5	348c3303072dd3016db9d722820d917c	zenodo:19809790	2026-09-30T15:25:33Z
